Tahun,2005,2005,2005,2006,2006,2006,2007,2007,2007,2008,2008,2008,2009,2009,2009,2010,2010,2010,2011,2011,2011,2012,2012,2012,2013,2013,2013,2014,2014,2014,2015,2015,2015,2016,2016,2016,2017,2017,2017,2018,2018,2018,2019,2019,2019,2020,2020,2020,2021,2021,2021,2022,2022,2022,2023,2023,2023,2024,2024,2024,2025
Uaraian,Target,Realisasi,Capaian%,Target,Realisasi,Capaian%,Target,Realisasi,Capaian%,Target,Realisasi,Capaian%,Target,Realisasi,Capaian%,Target,Realisasi,Capaian%,Target,Realisasi,Capaian%,Target,Realisasi,Capaian%,Target,Realisasi,Capaian%,Target,Realisasi,Capaian%,Target,Realisasi,Capaian%,Target,Realisasi,Capaian%,Target,Realisasi,Capaian%,Target,Realisasi,Capaian%,Target,Realisasi,Capaian%,Target,Realisasi,Capaian%,Target,Realisasi,Capaian%,Target,Realisasi,Capaian%,Target,Realisasi,Capaian%,Target,Realisasi,Capaian%,Target
A. Pendapatan Negara,540126.10,495224.20,91.69,659115.20,637987.10,96.79,694087.80,707806.10,101.98,894990.40,981609.40,109.68,870999.00,848763.20,97.45,992398.80,995271.50,100.29,1169914.60,1210599.70,103.48,1358205.00,1338109.50,98.52,1502005.00,1438891.10,95.80,1635378.50,1550490.80,94.81,1761642.80,1508020.40,85.60,1786225.00,1555934.30,87.11,1736060.20,1666375.90,95.99,1894720.30,1943674.90,102.58,2165111.80,1960641.00,90.56,1699948.50,1647783.30,96.93,1743648.50,2011347.10,115.35,2266199.00,2635843.00,116.31,2463024.90,2783929.70,113.03,2802462.15,2842478.02,101.43,3005127.71
I. Penerimaan Dalam Negeri,532671.00,493919.40,92.73,654882.30,636153.00,97.14,690264.50,706108.40,102.30,892041.80,979305.40,109.78,869992.50,847096.60,97.37,990502.30,992248.50,100.18,1165252.50,1205345.70,103.44,1357380.00,1332322.80,98.15,1497521.40,1432058.60,95.63,1633053.40,1545456.30,94.64,1758330.90,1496047.30,85.08,1784249.90,1546946.60,86.70,1732952.10,1654746.10,95.49,1893523.50,1928110.00,101.83,2164676.50,1955141.00,90.32,1698648.50,1628950.50,95.90,1742745.80,2006334.00,115.12,2265619.20,2630147.00,116.09,2462615.50,2766745.50,112.35,2767538.55,2812187.11,101.61,3004546.61
1. Penerimaan Perpajakan,351973.60,347031.00,98.60,425053.10,409203.00,96.27,492010.80,490988.60,99.79,609227.40,658700.80,108.12,651954.80,619922.20,95.09,743325.90,723306.70,97.31,878685.20,873873.90,99.45,1016237.30,980518.00,96.49,1148364.70,1077306.70,93.81,1246107.00,1146865.80,92.04,1489255.50,1240418.90,83.29,1539166.20,1284970.10,83.48,1472709.90,1343529.80,91.23,1618095.50,1518789.80,93.86,1786378.70,1546141.00,86.55,1404507.50,1285136.30,91.50,1444541.60,1547841.10,107.15,1783988.00,2034552.40,114.05,2021223.70,2154208.20,106.58,2218401.10,2232666.00,100.64,2490911.57
a. Pendapatan Pajak Dalam Negeri,334403.20,331791.90,99.22,410226.40,395971.50,96.53,474550.90,470051.80,99.05,580248.20,622358.70,107.26,631931.70,601251.80,95.15,720764.50,694392.10,96.34,831745.30,819752.40,98.56,968293.20,930861.70,96.13,1099943.60,1029850.10,93.63,1189826.60,1103217.60,92.72,1439998.60,1205478.90,83.71,1503294.70,1249499.50,83.12,1436730.90,1304316.30,90.78,1579395.50,1472908.00,93.26,1743056.90,1505090.00,86.35,1371020.60,1248415.10,91.06,1409580.90,1474145.70,104.58,1704958.00,1943654.80,114.00,1963482.50,2089718.30,106.43,2146466.84,2158808.30,100.57,2433505.58
i. Pendapatan Pajak Penghasilan,180252.90,175541.20,97.39,213698.00,208833.10,97.72,251748.20,238430.90,94.71,305015.90,327497.70,107.37,340209.30,317615.00,93.36,362219.00,357045.50,98.57,431977.00,431121.70,99.80,513650.20,465069.50,90.54,538759.90,506442.80,94.00,569866.70,546180.90,95.84,679370.10,602308.10,88.66,855842.70,657162.70,76.79,783970.30,637859.30,81.36,855133.50,739864.90,86.52,894448.70,772300.00,86.34,670379.50,594033.30,88.61,683774.60,696676.60,101.89,813678.60,998213.80,122.68,935068.60,1061234.00,113.49,1057524.87,1062693.27,100.49,1209278.86
ii. Pendapatan Pajak Pertambahan Nilai dan PPnBM,102670.50,101295.80,98.66,132876.10,123035.90,92.59,152057.20,154526.80,101.62,195464.00,209647.40,107.26,203084.00,193067.50,95.07,262963.00,230604.90,87.69,298441.40,277800.10,93.08,336057.00,337584.60,100.45,423708.30,384713.50,90.80,475587.20,409181.60,86.04,576469.20,423710.80,73.50,474235.30,412213.50,86.92,475483.50,480724.60,101.10,541801.10,537267.90,99.16,655394.90,531600.00,81.11,507516.20,450328.10,88.73,518545.20,551900.50,106.43,638994.20,687609.50,107.61,742953.60,763632.70,102.78,827233.38,828505.90,100.15,945120.62
iii. Pendapatan Pajak Bumi dan Bangunan,13375.30,16216.70,121.24,18153.80,20858.50,114.90,22025.80,23723.50,107.71,25265.90,25354.30,100.35,23863.60,24270.20,101.70,25319.10,28580.60,112.88,29057.80,29893.20,102.87,29687.50,28968.90,97.58,27343.80,25304.60,92.54,21742.90,23476.20,107.97,26689.90,29250.00,109.59,17710.60,19443.20,109.78,15412.10,16770.30,108.81,17369.10,19444.90,111.95,19103.60,21100.00,110.45,13441.90,20953.60,155.88,14830.60,18924.80,127.61,20903.80,23264.70,111.29,31311.00,33270.70,106.26,28905.06,32493.69,112.42,27111.78
iv. Pendapatan BPHTB,3661.40,3431.90,93.73,4386.20,3184.50,72.60,3965.50,5953.40,150.13,5431.20,5573.10,102.61,6980.00,6464.50,92.61,7155.50,8026.40,112.17,0.00,-0.70,0.00,0.00,0.00,0.00,0.00,0.00,0.00,0.00,0.00,0.00,0.00,0.30,0.00,0.00,0.50,0.00,0.00,1.20,0.00,0.00,0.00,0.00,0.00,0.00,0.00,0.00,0.00,0.00,0.00,0.00,0.00,0.00,0.00,0.00,0.00,0.00,0.00,0.00,0.00,0.00,0.00
v. Pendapatan Pajak lainnya,2198.30,2050.20,93.26,2589.70,2287.40,88.33,2719.50,2737.70,100.67,3353.70,3034.40,90.48,3250.00,3116.00,95.88,3841.90,3968.80,103.30,68075.30,3928.20,5.77,5632.00,4210.90,74.77,5402.00,4937.10,91.39,5179.60,6293.40,121.50,11729.50,5568.30,47.47,7414.90,17154.50,231.35,8700.00,15672.60,180.14,9691.80,16741.60,172.74,8608.70,7700.00,89.44,7485.70,6790.80,90.72,12430.50,11126.00,89.51,11381.40,7686.10,67.53,8699.50,9729.80,111.84,8279.79,8744.11,105.61,7795.88
vi. Pendapatan Cukai,32244.80,33256.20,103.14,38522.60,37772.10,98.05,42034.70,44679.50,106.29,45717.50,51251.80,112.11,54545.00,56718.50,103.98,59265.90,66165.90,111.64,4193.80,77010.00,1836.28,83266.60,95027.90,114.12,104729.70,108452.10,103.55,117450.20,118085.50,100.54,145739.90,144641.30,99.25,148091.20,143525.00,96.92,153165.00,153288.10,100.08,155400.00,159588.60,102.70,165501.00,172390.00,104.16,172197.20,176309.30,102.39,180000.00,195517.80,108.62,220000.00,226880.80,103.13,245449.80,221851.10,90.39,224523.74,226371.33,100.82,244198.42
b. Pendapatan Pajak Perdagangan Internasional,17570.40,15239.10,86.73,14826.70,13231.50,89.24,17459.90,20936.80,119.91,28979.20,36342.10,125.41,20023.10,18670.40,93.24,22561.40,28914.50,128.16,46939.90,54121.50,115.30,47944.10,49656.30,103.57,48421.10,47456.60,98.01,56280.40,43648.10,77.55,49256.90,34940.00,70.93,35871.50,35470.70,98.88,35979.00,39213.60,108.99,38700.00,45881.80,118.56,43321.80,41051.00,94.76,33486.90,36721.20,109.66,34960.60,73695.40,210.80,79030.00,90897.70,115.02,57741.10,64489.90,111.69,71934.26,73857.69,102.67,57405.98
i. Bea Masuk,16590.50,14920.90,89.94,13583.00,12140.40,89.38,14417.60,16699.40,115.83,17820.90,22763.80,127.74,18623.50,18105.50,97.22,17106.80,20016.80,117.01,21500.80,25265.90,117.51,24737.90,28418.40,114.88,30811.70,31621.30,102.63,35676.00,32319.10,90.59,37203.90,31212.80,83.90,33371.50,32472.10,97.30,33279.00,35066.20,105.37,35700.00,39116.70,109.57,38899.30,37514.00,96.44,31833.80,32443.50,101.92,33172.70,39122.70,117.94,42340.00,51077.70,120.64,47528.50,50891.80,107.08,52443.73,52965.32,100.99,52935.41
ii. Bea Keluar,979.90,318.20,32.47,1243.70,1091.10,87.73,3042.30,4237.40,139.28,11158.30,13578.30,121.69,1399.60,565.00,40.37,5454.60,8897.70,163.12,25439.10,28855.60,113.43,23206.20,21237.90,91.52,17609.40,15835.40,89.93,20604.40,11329.00,54.98,12053.00,3727.10,30.92,2500.00,2998.60,119.94,2700.00,4147.40,153.61,3000.00,6765.10,225.50,4422.50,3537.00,79.98,1653.20,4277.70,258.75,1787.90,34572.70,1933.70,36690.00,39819.90,108.53,10212.70,13598.20,133.15,19490.53,20892.37,107.19,4470.57
2. Penerimaan Negara Bukan Pajak,180697.40,146888.40,81.29,229829.30,226950.00,98.75,198253.70,215119.70,108.51,282814.40,320604.60,113.36,218037.60,227174.40,104.19,247176.40,268941.90,108.81,286567.30,331471.80,115.67,341142.60,351804.70,103.13,349156.70,354751.90,101.60,386946.40,398590.50,103.01,269075.40,255628.50,95.00,245083.60,261976.40,106.89,260242.20,311216.30,119.59,275428.00,409320.20,148.61,378297.80,409000.00,108.12,294141.00,343814.20,116.89,298204.20,458493.00,153.75,481631.20,595594.60,123.66,441391.80,612537.30,138.77,549137.45,579521.11,105.53,513635.04
a. Penerimaan SDA,144361.20,110467.30,76.52,165694.90,167473.70,101.07,115053.30,132892.60,115.51,192789.40,224463.00,116.43,138653.40,138959.20,100.22,164726.70,168825.40,102.49,191976.00,213823.40,111.38,217158.90,225844.00,104.00,203730.00,226406.20,111.13,241114.60,240848.30,99.89,118919.10,100971.90,84.91,90524.30,64901.90,71.70,95643.10,111132.00,116.19,103674.90,180592.60,174.19,190754.80,154900.00,81.20,79086.90,97225.10,122.93,104108.80,149489.40,143.59,226518.50,268770.90,118.65,195975.40,254203.00,129.71,235522.50,229220.83,97.32,217964.17
i. Penerimaan SDA Migas,138560.20,103762.00,74.89,159788.50,158086.10,98.93,107718.90,124783.70,115.84,182946.90,211617.00,115.67,127748.20,125752.00,98.44,151719.90,152733.20,100.67,173167.30,193490.60,111.74,198311.10,205823.50,103.79,180610.40,203629.40,112.75,211668.20,216876.10,102.46,81364.90,78170.50,96.07,68688.10,44093.80,64.19,72208.00,81842.90,113.34,80349.00,142789.20,177.71,159778.30,121100.00,75.79,53294.90,69080.20,129.62,74999.70,96616.40,128.82,139098.40,148698.90,106.90,131169.40,116178.60,88.57,121488.81,110916.91,91.30,120993.01
a) Pendapatan Minyak bumi,102196.30,72822.30,71.26,122963.80,125145.40,101.77,78234.60,93604.50,119.65,149111.30,169022.20,113.35,91491.00,90056.00,98.43,112515.10,111814.90,99.38,123051.00,141303.50,114.83,150847.20,144717.10,95.94,129339.20,135329.20,104.63,154750.40,139174.30,89.93,61584.00,47987.40,77.92,51328.10,31448.00,61.27,57406.80,58203.00,101.39,59582.70,101486.70,170.33,118606.70,83600.00,70.49,40385.90,44868.80,111.10,57934.20,64998.80,112.19,106487.90,111992.90,105.17,96137.00,87408.90,90.92,89248.05,85879.85,96.23,89031.59
b) Pendapatan Gas alam,36363.90,30939.80,85.08,36824.70,32940.70,89.45,29484.40,31179.20,105.75,33835.60,42594.70,125.89,36257.10,35696.00,98.45,39204.80,40918.30,104.37,50116.20,52187.10,104.13,47463.90,61106.40,128.74,51271.20,68300.20,133.21,56917.80,77701.80,136.52,19780.90,30183.00,152.59,17360.00,12645.70,72.84,14801.10,23639.90,159.72,20766.30,41302.60,198.89,41171.60,37500.00,91.08,12909.00,24211.30,187.55,17065.50,31617.60,185.27,32610.50,36705.90,112.56,35032.40,28769.70,82.12,32240.76,25037.06,77.66,31961.42
ii. Penerimaan SDA NonMigas,5801.10,6705.30,115.59,5906.40,9387.60,158.94,7334.40,8108.90,110.56,9842.60,12846.00,130.51,10905.20,13207.30,121.11,13006.90,16092.20,123.72,18808.80,20332.80,108.10,18847.80,20020.50,106.22,23119.60,22776.80,98.52,29446.40,23972.20,81.41,37554.20,22801.40,60.72,21836.30,20808.20,95.29,23435.30,29289.10,124.98,23325.80,37803.40,162.07,30976.50,33800.00,109.11,25792.00,28144.90,109.12,29109.10,52873.00,181.64,87420.10,120072.00,137.35,64806.00,138024.50,212.98,114033.69,118303.91,103.74,96971.16
a) Pendapatan Pertambangan Mineral dan Batubara,2751.10,3190.50,115.97,3482.20,6781.30,194.74,4843.30,5877.90,121.36,6867.80,9511.30,138.49,8720.20,10369.40,118.91,9738.00,12646.80,129.87,15394.50,16369.80,106.34,15274.10,15877.40,103.95,18099.00,18620.50,102.88,23599.70,19300.40,81.78,31678.50,17683.00,55.82,16539.90,15756.80,95.27,17858.50,23763.20,133.06,17858.50,30313.70,169.74,24960.70,26335.00,105.51,19351.50,21179.00,109.44,22100.50,44835.40,202.87,78871.30,110786.80,140.47,54030.10,129126.80,238.99,102056.70,107775.03,105.60,87482.12
b) Pendapatan Kehutanan,2650.00,3249.40,122.62,2010.00,2409.40,119.87,2291.10,2114.80,92.31,2774.80,2315.50,83.45,1715.00,2345.40,136.76,2874.40,3009.70,104.71,2908.10,3216.50,110.60,3074.90,3188.30,103.69,4254.00,3060.40,71.94,5017.00,3699.90,73.75,4713.30,4156.50,88.19,3972.70,3757.00,94.57,3955.50,4101.90,103.70,4166.70,4760.40,114.25,4511.50,5035.00,111.60,4197.20,4403.30,104.91,4613.30,5400.30,117.06,5241.20,5804.10,110.74,5161.70,5429.60,105.19,6000.00,6739.01,112.32,5671.73
c) Pendapatan Perikanan,400.00,265.40,66.35,414.10,196.90,47.55,200.00,116.30,58.15,200.00,77.80,38.90,150.00,92.00,61.33,150.00,92.00,61.33,150.00,183.80,122.53,150.00,215.80,143.87,250.00,229.40,91.76,250.00,216.40,86.56,578.80,79.30,13.70,693.00,362.10,52.25,950.00,491.00,51.68,600.00,448.80,74.80,625.80,500.00,79.90,900.40,600.70,66.71,957.20,708.20,73.99,1686.60,1192.90,70.73,3500.00,636.90,18.20,3500.00,951.82,27.19,1627.60
d) Pendapatan Pertambangan Panas Bumi,0.00,0.00,0.00,0.00,0.00,0.00,0.00,0.00,0,0,941.4,0,320,400.4,125.13,244.4,343.8,140.67,356.1,562.7,158.02,348.8,739,211.87,516.7,866.6,167.72,579.7,755.5,130.33,583.7,882.7,151.22,630.7,932.3,147.82,671.3,933,138.98,700.6,"2,280.60",325.52,878.4,"1,930.00",219.72,"1,342.90","1,962.00",146.1,"1,438.10","1,929.10",134.14,"1,621.10","2,288.20",141.15,"2,114.20","2,831.20",133.91,"2,476.98","2,838.06",114.58,"2,189.70"
b. Pendapatan dari Kekayaan Negara Dipisahkan,12000.00,12835.20,106.96,22322.50,21450.60,96.09,21800.00,23222.50,106.53,"31,244.30","29,088.40",93.1,"28,614.70","26,049.50",91.04,"29,500.00","30,096.90",102.02,"28,835.80","28,184.00",97.74,"30,776.30","30,798.00",100.07,"36,456.50","34,025.60",93.33,"40,000.00","40,314.40",100.79,"36,956.50","37,643.70",101.86,"34,164.00","37,133.20",108.69,"41,000.00","43,904.20",107.08,"44,695.40","45,060.50",100.82,"45,589.30","80,700.00",177.02,"65,000.00","66,080.50",101.66,"26,130.50","30,496.80",116.71,"37,089.80","40,597.10",109.46,"49,100.00","82,058.70",167.13,"85,845.47","86,386.88",100.63,"90,000.00"
c. Pendapatan PNBP Lainnya,24336.10,23585.90,96.92,41811.90,38025.70,90.94,61400.40,59004.60,96.1,"58,780.70","67,053.30",114.07,"44,878.70","53,796.10",119.87,"43,462.80","59,428.60",136.73,"50,339.40","69,360.50",137.79,"72,799.40","73,458.50",100.91,"85,471.50","69,671.90",81.51,"84,968.40","87,746.80",103.27,"90,109.60","81,697.40",90.66,"84,124.00","117,995.40",140.26,"85,057.60","108,834.60",127.95,"83,753.10","128,574.00",153.52,"94,069.30","124,500.00",132.35,"100,053.80","111,200.30",111.14,"109,174.70","152,504.00",139.69,"112,221.70","196,324.30",174.94,"113,300.00","180,415.10",159.24,"147,338.52","163,609.90",111.04,"127,741.39"
d. Pendapatan Badan Layanan Umum,0.00,0.00,0.00,0.00,0.00,0.00,0.00,0.00,0,0,0,0,"5,890.90","8,369.50",142.08,"9,486.90","10,590.80",111.64,"15,416.00","20,104.00",130.41,"20,408.00","21,704.30",106.35,"23,498.70","24,648.20",104.89,"20,863.40","29,681.00",142.26,"23,090.20","35,315.50",152.95,"36,271.20","41,945.90",115.65,"38,541.40","47,345.40",122.84,"43,304.60","55,093.10",127.22,"47,884.50","48,900.00",102.12,"50,000.30","69,308.30",138.62,"58,790.10","126,002.80",214.33,"105,801.10","89,902.30",84.97,"83,016.40","95,860.40",115.47,"80,430.96","100,303.51",124.71,"77,929.47"
e. Surplus Bank Indonesia,0.00,0.00,0.00,0.00,0.00,0.00,0.00,0.00,0,0,0,0,0,0,0,0,0,0,0,0,0,0,0,0,0,0,0,0,0,0,0,0,0,0,0,0,0,0,0,0,0,0,0,0,0,0,"456,355.00",0,0,0,0,0,0,0,0,0,0,0,0,0,0
II. Penerimaan Hibah,7455.10,1304.80,17.50,4232.90,1834.10,43.33,3823.30,1697.70,44.4,"2,948.60","2,304.00",78.14,"1,006.50","1,666.60",165.58,"1,896.50","3,023.00",159.4,"4,662.10","5,253.90",112.69,825.1,"5,786.70",701.33,"4,483.60","6,832.50",152.39,"2,325.10","5,034.50",216.53,"3,311.90","11,973.00",361.51,"1,975.20","8,987.70",455.03,"3,108.10","11,629.80",374.18,"1,196.90","15,564.90","1,300.43",435.3,"5,500.00","1,263.50","1,300.00","18,832.80","1,448.68",902.8,"5,013.00",555.27,579.9,"5,696.10",982.26,409.4,"17,184.20","4,197.41","34,923.60","30,290.92",86.73,581.1
B. Belanja Negara,411667.60,361155.20,87.73,478249.30,440032.10,92.01,498172.10,504623.30,101.29,"697,071.00","693,355.90",99.47,"691,535.70","628,812.40",90.93,"781,533.50","697,406.40",89.24,"908,243.40","883,721.90",97.3,"1,069,534.40","1,010,558.20",94.49,"1,196,828.40","1,137,162.90",95.01,"1,280,368.60","1,203,577.20",94,"1,319,549.00","1,183,303.70",89.67,"1,306,696.00","1,154,018.20",88.32,"1,366,956.60","1,265,359.40",92.57,"1,454,494.40","1,455,324.80",100.06,"1,634,339.50","1,496,313.90",91.55,"1,975,240.20","1,832,950.90",92.8,"1,954,548.50","2,000,703.80",102.36,"2,301,644.90","2,280,027.90",99.06,"2,246,457.80","3,121,217.20",138.94,"3,343,494.34","3,350,273.78",100.2,"3,621,313.73"
I. Belanja Pemerintah Pusat,411667.60,361155.20,87.73,478249.30,440032.10,92.01,498172.10,504623.30,101.29,"697,071.00","693,355.90",99.47,"691,535.70","628,812.40",90.93,"781,533.50","697,406.40",89.24,"908,243.40","883,721.90",97.3,"1,069,534.40","1,010,558.20",94.49,"1,196,828.40","1,137,162.90",95.01,"1,280,368.60","1,203,577.20",94,"1,319,549.00","1,183,303.70",89.67,"1,306,696.00","1,154,018.20",88.32,"1,366,956.60","1,265,359.40",92.57,"1,454,494.40","1,455,324.80",100.06,"1,634,339.50","1,496,313.90",91.55,"1,975,240.20","1,832,950.90",92.8,"1,954,548.50","2,000,703.80",102.36,"2,301,644.90","2,280,027.90",99.06,"2,246,457.80","2,239,786.70",99.7,"2,485,902.60","2,486,733.40",100.03,"2,701,441.62"
1. Belanja Pegawai,61167.20,54254.20,88.70,79075.30,73252.30,92.64,92843.60,90424.90,97.39,"123,542.00","112,829.90",91.33,"133,709.20","127,669.70",95.48,"162,659.00","148,078.10",91.04,"182,875.00","175,737.90",96.1,"212,255.10","197,863.60",93.22,"232,978.60","221,688.80",95.15,"258,435.60","243,719.90",94.31,"299,299.60","281,142.70",93.93,"342,447.40","305,141.50",89.11,"343,655.50","312,728.80",91,"365,691.60","346,890.80",94.86,"381,561.10","376,074.30",98.56,"403,722.70","380,532.20",94.26,"421,143.70","387,752.50",92.07,"426,523.30","402,441.70",94.35,"442,539.40","412,711.30",93.26,"484,430.93","464,528.90",95.89,"521,451.30"
2. Belanja Barang,42311.80,29171.70,68.94,55991.70,47181.90,84.27,65260.40,54511.40,83.53,"67,476.20","55,963.50",82.94,"85,464.00","80,667.90",94.39,"112,594.10","97,596.80",86.68,"142,825.90","124,639.50",87.27,"162,012.30","140,884.90",86.96,"206,507.30","169,722.70",82.19,"195,206.80","176,622.30",90.48,"259,688.00","233,281.10",89.83,"304,241.80","259,646.90",85.34,"296,208.60","291,459.10",98.4,"340,130.20","347,468.30",102.16,"345,230.70","334,418.20",96.87,"273,162.10","422,338.20",154.61,"362,476.20","530,059.30",146.23,"339,731.00","426,149.10",125.44,"376,934.40","432,715.00",114.8,"406,983.77","517,629.00",127.19,"486,851.85"
3. Belanja Modal,54746.60,32888.80,60.07,69779.70,54951.90,78.75,75050.80,64288.70,85.66,"79,126.10","72,772.50",91.97,"73,381.40","75,870.80",103.39,"95,024.60","80,287.10",84.49,"140,952.50","117,854.50",83.61,"176,051.40","145,104.10",82.42,"192,600.40","180,864.20",93.91,"160,790.50","147,347.90",91.64,"252,844.50","215,434.20",85.2,"206,567.40","169,474.20",82.04,"228,100.00","208,656.70",91.48,"203,879.40","184,127.60",90.31,"189,343.20","177,841.50",93.93,"137,383.90","190,919.80",138.97,"246,781.50","239,632.30",97.1,"199,196.60","240,570.30",120.77,"209,190.00","303,041.30",144.86,"247,474.23","352,551.10",142.46,"234,110.30"
4. Subsidi,119089.50,120765.30,101.41,107627.60,107431.80,99.82,105073.40,150214.50,142.96,"234,405.00","275,291.40",117.44,"158,117.90","138,082.20",87.33,"201,263.00","192,707.00",95.75,"237,194.70","295,358.20",124.52,"245,076.30","346,420.40",141.35,"348,119.00","355,045.20",101.99,"403,035.60","391,962.50",97.25,"212,104.40","185,971.10",87.68,"177,754.50","174,226.80",98.02,"168,876.80","166,401.10",98.53,"156,228.10","216,883.30",138.82,"224,320.90","201,802.60",89.96,"192,023.20","196,231.50",102.19,"175,350.40","242,086.80",138.06,"283,661.00","252,812.90",89.13,"298,497.10","269,592.10",90.32,"285,971.98","292,472.78",102.27,"307,931.92"
i. Subsidi Energi,101705.00,104449.20,102.70,95458.10,94605.40,99.11,88048.30,116865.90,132.73,"187,107.80","223,013.20",119.19,"99,938.90","94,585.90",94.64,"143,997.10","139,952.90",97.19,"195,288.70","255,608.80",130.89,"202,353.20","306,478.70",151.46,"299,829.70","309,979.70",103.39,"350,310.50","341,810.40",97.57,"137,824.00","119,091.10",86.41,"94,355.10","106,785.00",113.17,"89,864.00","97,642.10",108.66,"94,525.10","153,522.40",162.41,"159,971.90","136,875.80",85.56,"95,607.40","108,840.50",113.84,"110,512.20","140,395.20",127.04,"208,928.40","171,858.80",82.26,"211,976.10","164,292.30",77.51,"189,104.30","177,615.24",93.92,"203,412.22"
ii. Subsidi Non Energi,17384.50,16316.10,93.85,12169.50,12826.40,105.40,17025.10,33348.60,195.88,"47,297.20","52,278.20",110.53,"58,179.00","43,496.30",74.76,"57,265.90","52,754.10",92.12,"41,906.00","39,749.40",94.85,"42,723.10","39,941.70",93.49,"48,289.30","45,065.50",93.32,"52,725.10","50,152.10",95.12,"74,280.30","66,880.00",90.04,"83,399.40","67,441.90",80.87,"79,012.80","68,759.00",87.02,"61,703.00","63,360.90",102.69,"64,349.00","64,926.80",100.9,"96,415.80","87,390.90",90.64,"64,838.20","101,691.60",156.84,"74,732.60","80,954.10",108.33,"86,521.00","105,299.80",121.7,"96,867.68","114,857.54",118.57,"104,519.70"
5. Belanja Hibah,0.00,0.00,0.00,0.00,0.00,0.00,0.00,0.00,0,0,0,0,31.6,0,0,243.2,70,28.78,404.9,300.1,74.12,"1,790.90",75.1,4.19,"2,346.50","1,303.00",55.53,"2,853.30",907.5,31.81,"4,644.20","4,261.70",91.76,"8,537.30","7,129.90",83.51,"5,532.20","5,445.70",98.44,"1,460.80","1,520.60",104.09,"1,940.70","6,476.20",333.7,"5,072.10","6,275.90",123.73,"6,781.70","4,319.00",63.69,"4,824.30","5,803.30",120.29,10.1,219.1,"2,169.31",6.6,319.3,"4,837.88",202.7
6. Bantuan Sosial,29996.50,24903.50,83.02,41018.20,40708.60,99.25,50607.60,49756.30,98.32,"59,702.30","57,740.80",96.71,"77,932.50","73,813.60",94.71,"71,172.80","68,611.10",96.4,"81,810.40","71,104.30",86.91,"86,028.00","75,621.10",87.9,"82,487.90","92,136.10",111.7,"96,655.40","97,924.70",101.31,"103,573.60","97,151.20",93.8,"53,403.80","49,613.50",92.9,"58,962.10","55,297.20",93.78,"81,259.80","84,318.40",103.76,"102,055.50","112,480.30",110.21,"174,517.70","202,530.00",116.05,"161,435.50","173,654.10",107.57,"147,431.50","161,523.10",109.56,"148,565.20","156,601.60",105.41,"157,302.98","154,987.30",98.53,"140,058.86"
7. Belanja Lain-lain,43373.70,33972.10,78.32,42262.10,37423.10,88.55,25781.20,15621.20,60.59,"38,025.40","30,328.10",79.76,"53,309.00","38,926.20",73.02,"32,926.70","21,673.00",65.82,"15,596.20","5,465.40",35.04,"68,535.00","4,073.10",5.94,"19,270.80","3,367.50",17.47,"27,938.30","11,651.10",41.7,"31,663.90","10,051.90",31.75,"22,525.50","6,024.00",26.74,"49,874.30","8,802.90",17.65,"67,237.40","16,163.80",24.04,"114,002.30","11,699.70",10.26,"450,574.20","120,035.20",26.64,"207,316.80","79,704.40",38.45,"494,410.20","404,385.80",81.79,"329,321.70","225,023.70",68.33,"406,412.50","215,818.63",53.1,"457,980.40"
II. Transfer Ke Daerah,153402.20,150463.90,98.08,220849.80,226180.00,102.41,254201.00,253263.20,99.63,"292,422.70","292,433.50",100,"309,308.20","308,585.20",99.77,"344,612.90","344,727.60",100.03,"412,507.90","411,324.80",99.71,"478,775.90","480,645.10",100.39,"529,362.90","513,260.40",96.96,"596,504.30","573,703.10",96.18,"664,600.60","623,139.60",93.76,"776,252.90","710,256.90",91.5,"766,339.30","741,992.40",96.82,"766,162.60","757,792.90",98.91,"826,772.50","812,973.40",98.33,"763,925.60","762,530.20",99.82,"795,479.50","785,707.60",98.77,"804,780.50","816,234.80",101.42,"814,718.50","881,430.50",108.19,"857,591.74","863,540.38",100.69,"919,872.11"
a. Dana Bagi Hasil,52566.50,50479.20,96.03,59563.70,64900.30,108.96,62726.30,62942.00,100.34,"77,726.70","78,420.20",100.89,"73,819.50","76,130.00",103.13,"89,618.40","92,183.50",102.86,"96,772.10","96,909.00",100.14,"108,421.70","111,537.20",102.87,"102,695.00","88,463.10",86.14,"117,663.60","103,939.00",88.34,"110,051.90","78,053.40",70.92,"109,075.90","90,534.90",83,"95,377.20","88,232.20",92.51,"89,225.30","93,704.00",105.02,"106,350.20","103,980.00",97.77,"86,418.70","93,906.40",108.66,"101,961.60","117,157.00",114.9,"140,430.40","168,414.10",119.93,"136,260.00","205,666.60",150.94,"143,099.93","153,174.56",107.04,"192,281.74"
b. Dana Alokasi Umum,88765.60,88765.40,100.00,145664.20,145664.20,100.00,164787.40,164787.40,100,"179,507.10","179,507.10",100,"186,414.10","186,414.10",100,"203,606.50","203,571.50",99.98,"225,533.70","225,533.70",100,"273,814.40","273,814.40",100,"311,139.30","311,139.30",100,"341,219.40","341,219.30",100,"352,887.80","352,887.80",100,"385,360.90","385,360.80",100,"398,582.30","398,582.30",100,"401,489.60","401,489.60",100,"417,873.60","420,910.20",100.73,"384,381.50","381,612.50",99.28,"390,291.40","377,791.40",96.8,"378,000.00","378,000.00",100,"396,000.00","398,029.60",100.51,"427,699.30","429,210.61",100.35,"446,633.81"
c. Dana Alokasi Khusus,4827.60,3976.70,82.37,11569.80,11566.10,99.97,17094.10,16237.80,94.99,"21,202.10","20,787.30",98.04,"24,819.60","24,707.40",99.55,"21,138.40","20,956.30",99.14,"25,232.80","24,803.50",98.3,"26,115.90","81,953.10",313.81,"31,697.10","98,709.00",311.41,"33,000.00","110,589.00",335.12,"58,820.70","152,104.70",258.59,"211,022.20","163,869.90",77.66,"184,636.50","167,668.00",90.81,"185,888.10","173,449.60",93.31,"200,368.80","186,394.70",93.03,"182,558.70","176,578.80",96.72,"196,423.50","184,638.30",94,"189,593.80","173,164.60",91.33,"185,797.30","181,357.60",97.61,"188,101.00","183,536.05",97.57,"185,240.95"
d. Dana Otonomi Khusus,7242.50,7242.60,100.00,4052.10,4049.40,99.93,9593.20,9296.00,96.9,"13,986.70","13,718.80",98.08,"24,255.10","21,333.80",87.96,"30,249.60","28,016.30",92.62,"64,969.30","64,078.60",98.63,"70,423.90","11,952.60",16.97,"83,831.50","13,445.60",16.04,"104,097.40","16,148.80",15.51,"121,526.60","17,115.50",14.08,"18,264.40","18,264.40",100,"19,443.30","19,443.30",100,"20,059.60","20,059.60",100,"20,979.90","20,979.90",100,"19,556.70","19,556.70",100,"19,982.90","19,482.90",97.5,"20,436.30","20,436.30",100,"17,241.30","17,241.30",100,"18,271.50","22,642.75",123.92,"20,515.60"
e. Dana Keistimewaan D.I.Y,0.00,0.00,0.00,0.00,0.00,0.00,0.00,0.00,0,0,0,0,0,0,0,0,0,0,0,0,0,0,0,0,0,115.7,0,523.9,419.1,80,547.5,547.5,100,547.5,547.5,100,800,800,100,"1,000.00","1,000.00",100,"1,200.00","1,200.00",100,"1,320.00","1,320.00",100,"1,320.00","1,320.00",100,"1,320.00","1,320.00",100,"1,420.00","1,372.70",96.67,"1,420.00","1,420.00",100,"1,200.00"
f. Dana Desa,0.00,0.00,0.00,0.00,0.00,0.00,0.00,0.00,0,0,0,0,0,0,0,0,0,0,0,0,0,0,0,0,0,0,0,0,0,0,"20,766.20","20,766.20",100,"46,982.10","46,679.30",99.36,"60,000.00","59,766.60",99.61,"60,000.00","59,859.40",99.77,"70,000.00","69,814.10",99.73,"71,190.00","71,100.50",99.87,"72,000.00","71,853.70",99.8,"68,000.00","67,906.10",99.86,"70,000.00","69,856.80",99.8,"71,000.00","70,925.93",99.9,"71,000.00"
g. Insentif Fiskal,0.00,0.00,0.00,0.00,0.00,0.00,0.00,0.00,0,0,0,0,0,0,0,0,0,0,0,0,0,0,"1,387.80",0,0,"1,387.80",0,0,"1,387.80",0,0,"1,664.50",0,"5,000.00","5,000.00",100,"7,500.00","7,500.00",100,"8,500.00","8,230.80",96.83,"10,000.00","9,694.40",96.94,"18,500.00","18,455.30",99.76,"13,500.00","13,464.30",99.74,"7,000.00","6,993.70",99.91,"8,000.00","7,906.00",98.83,"8,000.00","7,001.74",87.52,"6,000.00"
C. Keseimbangan Primer,189440.70,199268.60,105.19,263360.60,277037.50,105.19,279470.90,282989.20,101.26,"292,713.60","376,683.30",128.69,"289,053.40","313,732.90",108.54,"316,515.50","386,248.40",122.03,"368,255.00","420,139.70",114.09,"-72,319.90","-52,784.80",0,"-111,668.40","-98,637.10",0,"-106,041.10","-93,250.70",0,"-66,776.10","-142,485.10",0,"-105,505.60","-125,579.60",0,"-178,039.30","-124,407.90",0,"-87,329.50","-11,490.80",0,"-20,114.90","-73,125.10",0,"-700,433.10","-633,609.70",0,"-633,116.70","-431,568.90",0,"-434,359.40","742,157.00",0,"-156,751.40","102,595.00",0,"-43,712.59","-19,369.37",0,"-63,331.74"
D. Surplus/Defisit Anggaran (A - B),128458.50,134069.00,104.37,180865.90,197954.90,109.45,195915.70,203182.80,103.71,"197,919.40","288,253.50",145.64,"179,463.30","219,950.80",122.56,"210,865.20","297,865.10",141.26,"261,671.20","326,877.80",124.92,"-190,105.30","-153,300.80",0,"-224,186.30","-211,672.60",0,"-241,494.30","-226,692.00",0,"-222,506.90","-298,494.80",0,"-296,723.90","-308,340.90",0,"-397,235.80","-340,975.90",0,"-325,936.60","-269,442.90",0,"-296,000.20","-348,646.30",0,"-1,039,217.40","-947,697.80",0,"-1,006,379.50","-775,064.30",0,"-840,226.30","355,815.20",0,"-598,151.40","-337,287.60",0,"-541,032.19","-507,795.76",0,"-616,186.02"
E. Pembiayaan Anggaran,24943.80,11121.20,44.59,39983.90,29415.60,73.57,58285.30,42456.50,72.84,"94,503.30","84,071.80",88.96,"129,844.90","112,583.30",86.71,"133,747.70","91,552.00",68.45,"150,836.70","130,948.90",86.82,"190,105.30","175,158.20",92.14,"224,186.30","237,394.60",105.89,"241,494.30","248,892.80",103.06,"222,506.90","323,108.00",145.21,"296,723.90","334,503.30",112.73,"397,235.80","366,623.80",92.29,"325,936.60","305,692.60",93.79,"296,000.20","402,051.50",135.83,"1,039,217.40","1,193,293.80",114.83,"1,006,379.50","871,723.20",86.62,"840,226.30","590,978.10",70.34,"598,151.40","356,663.80",59.63,"541,032.19","553,184.94",102.25,"616,186.06"
F. Kelebihan/(Kekurangan) Pembiayaan,0.00,-3287.10,0.00,0.00,273.80,0.00,0.00,-7623.80,0,0,"79,950.40",0,0,"23,964.50",0,0,"44,706.30",0,0,"46,549.40",0,0,"21,857.40",0,0,"25,722.00",0,0,"22,200.90",0,0,"24,613.20",0,0,"26,162.40",0,0,"25,647.90",0,0,"36,249.70",0,0,"53,405.20",0,0,"245,596.00",0,0,"96,658.90",0,0,"130,558.50",0,0,"19,376.20",0,0,"45,389.18",0,0.03